1	0	1,351	0,0585		linguistic_journal_jh	John is too much to play with your kids old.
2	0	1,4	0,0666666666666667	0	linguistic_journal_jh	John is a more unusually than any of you is dressed student.
3	0	1,5	0,0833333333333333	0	linguistic_journal_jh	John has so that his sanity is in danger money.
4	0	1,579	0,0965	0	text_books_cola	You didn't leave, left you?
5	0	1,629	0,104833333333333	0	text_books_cola	John seems will win.
6	0	1,649	0,108166666666667	0	text_books_cola	Kim to beat his dog and alienated cats.
7	0	1,675	0,1125	0	linguistic_journal_jh	John has fewer than Bill has cars houses.
8	0	1,714	0,119	0	text_books_cola	Mary not avoided Bill.
9	0	1,722	0,120333333333333	0	text_books_cola	John not left the town.
10	0	1,757	0,126166666666667	0	linguistic_journal_jh	At that time was given to the tables we inherited from Aunt Selma a good scrubbing.
11	0	1,771	0,1285	0	text_books_cola	I like beer, me.
12	0	1,789	0,1315	0	text_books_cola	I do not be happy.
13	1	1,8	0,133333333333333	0	text_books_cola	The man, a ball kicked.
14	0	1,806	0,134333333333333	0	text_books_cola	He does have been eating.
15	0	1,811	0,135166666666667	0	linguistic_journal_jh	I happened for Sam to do the dishes.
16	0	1,816	0,136	0	linguistic_journal_jh	John told Sue for Harry to wash each other.
17	1	1,818	0,136333333333333	0	linguistic_journal_jh	What did people from where try to buy?
18	0	1,829	0,138166666666667	0	text_books_cola	This girl in the red coat will and dress must put a picture of Bill on your desk.
19	0	1,833	0,138833333333333	0	linguistic_journal_jh	Mary wash the dishes is surprising.
20	0	1,838	0,139666666666667	0	text_books_cola	That he was hungry was whined by John.
21	0	1,842	0,140333333333333	0	text_books_cola	Bill proud of himself John doesn't consider.
22	0	1,85	0,141666666666667	0	text_books_cola	That few boys came upset any of the teachers.
23	0	1,857	0,142833333333333	0	linguistic_journal_jh	A how good student is John?
24	1	1,868	0,144666666666667	0	linguistic_journal_jh	Certain not to be available though a doctor from cardiology is, patients were waiting.
25	1	1,882	0,147	0	text_books_cola	Mary thinks that John said that pictures of himself, Susan likes?
26	0	1,892	0,148666666666667	0	text_books_cola	John disappeared Bill.
27	0	1,9	0,15	0	text_books_cola	What table will he put the chair between some table and?
28	0	1,909	0,1515	0	linguistic_journal_jh	John is at least as much as Bill tall.
29	0	1,911	0,151833333333333	0	linguistic_journal_jh	At that battle were given the generals who lost hell.
30	0	1,914	0,152333333333333	0	linguistic_journal_jh	John has more than he has cars houses.
31	0	1,917	0,152833333333333	0	linguistic_journal_jh	At that time was given the tables we inherited from Aunt Selma a good scrubbing.
32	0	1,921	0,1535	0	linguistic_journal_jh	John is more than Bill is tall.
33	0	1,932	0,155333333333333	0	linguistic_journal_jh	Irv and someone were dancing together, but I don't know who Irv and were dancing together.
34	0	1,943	0,157166666666667	0	text_books_cola	Mike talked to about politics yesterday my friends.
35	0	1,943	0,157166666666667	0	text_books_cola	The one whose I stole bike was John's.
36	0	1,946	0,157666666666667	0	text_books_cola	There tries to be warm in September.
37	0	1,972	0,162	0	linguistic_journal_jh	John is exactly as as Bill intelligent.
38	0	1,973	0,162166666666667	0	text_books_cola	John tries to meet not Mary.
39	0	1,973	0,162166666666667	0	text_books_cola	What table will he put the chair between and some sofa.
40	0	1,973	0,162166666666667	0	linguistic_journal_jh	John flattered Mary while Fred injuring herself.
41	0	1,977	0,162833333333333	0	text_books_cola	The cake was been eating.
42	1	2	0,166666666666667	0	text_books_cola	Chris must liking syntax.
43	0	2	0,166666666666667	0	text_books_cola	I found there.
44	0	2	0,166666666666667	0	linguistic_journal_jh	There are linguists tall.
45	0	2	0,166666666666667	0	linguistic_journal_jh	John seems that it was told that it was raining.
46	0	2,026	0,171	0	linguistic_journal_jh	Certain not to be available though a doctor with any reputation is, patients were waiting.
47	0	2,029	0,1715	0	linguistic_journal_jh	Jack came the person he is in love with.
48	0	2,029	0,1715	0	linguistic_journal_jh	John is at most as as Bill is fit tall.
49	0	2,045	0,174166666666667	0	text_books_cola	Because did Marianne love Willoughby, she refused to.
50	0	2,051	0,175166666666667	0	linguistic_journal_jh	She always was any good a dancer.
51	0	2,056	0,176	0	linguistic_journal_jh	Who was seen steal the wallet?
52	0	2,057	0,176166666666667	0	text_books_cola	When never had Sir Thomas been so offended, Mr Yates left.
53	0	2,08	0,18	0	linguistic_journal_jh	What did John buy why?
54	0	2,083	0,1805	0	linguistic_journal_jh	John threw there perfectly a ball to Mary.
55	0	2,086	0,181	0	linguistic_journal_jh	They had way.
56	0	2,086	0,181	0	linguistic_journal_jh	John is exactly as as Bill is imaginative intelligent.
57	0	2,086	0,181	0	linguistic_journal_jh	John and Mary are not very good some students.
58	1	2,108	0,184666666666667	0	linguistic_journal_jh	John read his mother sick.
59	0	2,111	0,185166666666667	0	linguistic_journal_jh	At that time were given the tables we inherited from Aunt Selma a good scrubbing.
60	0	2,114	0,185666666666667	0	linguistic_journal_jh	Where do you wonder John saw what?
61	0	2,119	0,1865	0	text_books_cola	My nephew could write letters the postcards to his parents.
62	0	2,139	0,189833333333333	0	text_books_cola	What was that the Vikings ate a real surprise to you?
63	0	2,154	0,192333333333333	0	text_books_cola	There stabbed an animal.
64	0	2,162	0,193666666666667	0	text_books_cola	He always might eats deep fried muffins.
65	0	2,167	0,1945	0	text_books_cola	Here's a razor for it to be announced that you will be shaved with.
66	0	2,167	0,1945	0	linguistic_journal_jh	At that battle were given the generals enough helicopters to block out the sun.
67	0	2,171	0,195166666666667	0	text_books_cola	John placed him busy.
68	0	2,257	0,2095	0	text_books_cola	I deny that that Bob has any money is certain.
69	0	2,262	0,210333333333333	0	linguistic_journal_jh	Who does John seem to who to like?
70	0	2,278	0,213	0	text_books_cola	Tony has a Fiat to yearn for a tall nurse.
71	0	2,278	0,213	0	text_books_cola	The child is impossible to teach him.
72	0	2,278	0,213	0	linguistic_journal_jh	Pam believes solved the problem.
73	0	2,282	0,213666666666667	0	linguistic_journal_jh	Children fears John.
74	0	2,286	0,214333333333333	0	text_books_cola	Gillian has made pasta and David is too.
75	0	2,289	0,214833333333333	0	linguistic_journal_jh	I wonder pictures of whom John bought?
76	1	2,293	0,2155	0	text_books_cola	The boys should all could go.
77	0	2,308	0,218	0	linguistic_journal_jh	She kissed a man who bit one of my friends, but Tom doesn't realize which one of my friends she kissed a man who bit.
78	0	2,343	0,223833333333333	0	text_books_cola	The roof is leaked.
79	0	2,343	0,223833333333333	0	linguistic_journal_jh	Anyone didn't come to the party.
80	0	2,343	0,223833333333333	0	linguistic_journal_jh	John kicked a door shut, and Mary did so open.
81	1	2,351	0,225166666666667	0	text_books_cola	We talked about Mr. Colson and that he had worked at the.
82	0	2,395	0,2325	0	linguistic_journal_jh	Chris is leaving now, and Sam is doing leave now too.
83	0	2,4	0,233333333333333	0	text_books_cola	There is arriving three men at that station.
84	0	2,412	0,235333333333333	0	text_books_cola	That that John showed up pleased her was obvious.
85	0	2,417	0,236166666666667	0	linguistic_journal_jh	There broke a vase.
86	0	2,422	0,237	0	linguistic_journal_jh	Those books about Sara hit herself.
87	0	2,429	0,238166666666667	0	text_books_cola	The cup filled water.
88	0	2,429	0,238166666666667	0	linguistic_journal_jh	John tried to win and Bill did similarly as trying to win.
89	0	2,429	0,238166666666667	0	linguistic_journal_jh	Many of them have turned in their take-home already, but they haven't yet their paper all.
90	0	2,432	0,238666666666667	0	linguistic_journal_jh	What was she angry after he bought?
91	0	2,444	0,240666666666667	0	linguistic_journal_jh	The burglar saw the prisoner know French.
92	0	2,457	0,242833333333333	0	text_books_cola	One people was dying of thirst.
93	0	2,514	0,252333333333333	0	text_books_cola	I have six of them more.
94	0	2,514	0,252333333333333	0	linguistic_journal_jh	Rose saw each taller man than my father.
95	0	2,514	0,252333333333333	0	linguistic_journal_jh	Was kissed.
96	1	2,528	0,254666666666667	0	text_books_cola	The tuna had been being eaten.
97	0	2,529	0,254833333333333	0	linguistic_journal_jh	What will who buy?
98	0	2,541	0,256833333333333	0	text_books_cola	There was him in the garden.
99	0	2,553	0,258833333333333	0	linguistic_journal_jh	John's discussion drunk did not clarify matters.
100	0	2,556	0,259333333333333	0	text_books_cola	Maxwell isn't half the doctor that his sister is a psychologist and his father was.
101	0	2,556	0,259333333333333	0	text_books_cola	Two or boring books take a very long time to read.
102	0	2,583	0,263833333333333	0	linguistic_journal_jh	Has sung.
103	0	2,6	0,266666666666667	0	linguistic_journal_jh	John tried to win and Bill did similarly as try to win.
104	1	2,6	0,266666666666667	0	linguistic_journal_jh	At that battle were given to the generals enough helicopters to block out the sun.
105	0	2,605	0,2675	0	linguistic_journal_jh	John flattered Mary after Fred's injuring herself.
106	0	2,605	0,2675	0	linguistic_journal_jh	The children were seen all.
107	0	2,622	0,270333333333333	0	text_books_cola	It is likely Patrick to leave.
108	0	2,629	0,2715	0	linguistic_journal_jh	We've been looking for all day the dean's office.
109	0	2,639	0,273166666666667	0	text_books_cola	John is taller than six feet is.
110	0	2,644	0,274	0	text_books_cola	I expect to double my profits more than.
111	0	2,657	0,276166666666667	0	linguistic_journal_jh	Who did Mary persuade friends of to nominate himself?
112	0	2,658	0,276333333333333	0	linguistic_journal_jh	What John gave was Mary a book.
113	0	2,659	0,2765	0	text_books_cola	The thief stole the museum of the painting.
114	0	2,683	0,2805	0	linguistic_journal_jh	John tried to win and Bill did the very same thing as try to win.
115	0	2,686	0,281	0	text_books_cola	I sent to you it.
116	0	2,694	0,282333333333333	0	linguistic_journal_jh	John guaranteed to Susan to leave.
117	1	2,694	0,282333333333333	0	linguistic_journal_jh	Fix the car, John tried to.
118	0	2,7	0,283333333333333	0	text_books_cola	It has rains every day for the last week.
119	0	2,711	0,285166666666667	0	text_books_cola	Which rebel leader did you hear Cheney's rumor that the CIA assassinated?
120	0	2,714	0,285666666666667	0	text_books_cola	The thief stole Mr. Smith the painting.
121	0	2,722	0,287	0	text_books_cola	I've kicked more of a man than you have.
122	1	2,745	0,290833333333333	0	text_books_cola	For discussion of the same phenomenon in Russian.
123	1	2,757	0,292833333333333	0	linguistic_journal_jh	Pictures of whom has John bought?
124	0	2,771	0,295166666666667	0	text_books_cola	Fabio asked had if Claus run a marathon.
125	0	2,778	0,296333333333333	0	text_books_cola	The lake was camped beside by my sister.
126	0	2,778	0,296333333333333	0	text_books_cola	The White Rabbit vanished his watch.
127	0	2,778	0,296333333333333	0	linguistic_journal_jh	What do you wonder whether John bought?
128	1	2,78	0,296666666666667	0	text_books_cola	Elmer finished the cake and John did too, finish the cake.
129	0	2,795	0,299166666666667	0	linguistic_journal_jh	Mary convinced to become a vegetarian.
130	0	2,8	0,3	0	text_books_cola	Who do you think that saw you?
131	1	2,8	0,3	0	text_books_cola	These documents Elizabeth is checking at this very moment.
132	0	2,806	0,301	0	text_books_cola	John believes for Bill to have slept.
133	0	2,818	0,303	0	text_books_cola	The Joneses think himself the most wealthy guy on the block.
134	0	2,829	0,304833333333333	0	text_books_cola	The guide has been taken John to the library.
135	0	2,829	0,304833333333333	0	linguistic_journal_jh	What do you expect who to buy?
136	1	2,846	0,307666666666667	0	linguistic_journal_jh	For these issues to be clarified, many more papers about his philosophy seem to Quine to be needed.
137	0	2,857	0,3095	0	text_books_cola	Mary considered he to have loved her.
138	0	2,857	0,3095	0	text_books_cola	The child wail.
139	1	2,857	0,3095	0	linguistic_journal_jh	In few places with so much sunlight has she lived.
140	0	2,861	0,310166666666667	0	text_books_cola	The captain named Seafarer to the ship.
141	0	2,865	0,310833333333333	0	linguistic_journal_jh	Helen examined Bernie so as for us to vindicate himself.
142	1	2,868	0,311333333333333	0	linguistic_journal_jh	I envy you his cooperation.
143	1	2,886	0,314333333333333	0	linguistic_journal_jh	Who did you give statues of to all the season-ticket holders?
144	1	2,897	0,316166666666667	0	linguistic_journal_jh	With that Supreme Court decision were taken from minorities many of the rights they had fought so long to enjoy.
145	1	2,914	0,319	0	text_books_cola	We will invite volunteers on whom to work.
146	0	2,917	0,3195	0	text_books_cola	John ate a carrot and Mary did so a radish.
147	1	2,943	0,323833333333333	0	text_books_cola	When Alison and David soaked their feet was after dinner.
148	0	2,943	0,323833333333333	0	linguistic_journal_jh	Which candidate did they say to get to agree to a debate was hard?
149	0	2,943	0,323833333333333	0	linguistic_journal_jh	To the Native Americans was promised the moon.
150	1	2,944	0,324	0	linguistic_journal_jh	John is a more strikingly unacceptably dressed student than any of you is.
151	0	2,95	0,325	0	text_books_cola	Mary sang a song, but Lee did never.
152	0	2,971	0,3285	0	text_books_cola	It is Ireland that he is going.
153	0	2,971	0,3285	0	text_books_cola	I wonder has whether Mary worked for Microsoft.
154	0	2,98	0,33	0	text_books_cola	The bread cut.
155	0	3	0,333333333333333	0	text_books_cola	Every student who ever goes to Europe ever has enough money.
156	0	3	0,333333333333333	0	linguistic_journal_jh	John is as good the student as Mary.
157	0	3	0,333333333333333	0	linguistic_journal_jh	I'm surprised that this is real interesting a class.
158	0	3,021	0,336833333333333	0	linguistic_journal_jh	Who are coming to your party?
159	0	3,028	0,338	0	text_books_cola	The squirrel is right angry.
160	1	3,029	0,338166666666667	0	text_books_cola	The pictures of Bill, she put on your desk.
161	1	3,029	0,338166666666667	0	text_books_cola	Julie became a fond of Lloyd.
162	0	3,029	0,338166666666667	0	linguistic_journal_jh	There seem mice to be in the cupboard.
163	1	3,029	0,338166666666667	0	linguistic_journal_jh	Ice cream gives me brain-freeze if I eat it too fast and beans me indigestion if I eat them too slow.
164	0	3,05	0,341666666666667	0	linguistic_journal_jh	John told Sue to wash each other.
165	1	3,056	0,342666666666667	0	linguistic_journal_jh	The child was lost that Alexis was waiting for.
166	0	3,056	0,342666666666667	0	linguistic_journal_jh	What did John say how to cook?
167	0	3,057	0,342833333333333	0	text_books_cola	The scene of the movie and that I wrote was in Chicago.
168	1	3,057	0,342833333333333	0	linguistic_journal_jh	I know a bureaucrat bribed.
169	0	3,081	0,346833333333333	0	linguistic_journal_jh	There are you.
170	0	3,083	0,347166666666667	0	text_books_cola	I find it easy to believe - but Joan finds it hard to believe - Tom to be dishonest.
171	0	3,083	0,347166666666667	0	linguistic_journal_jh	Who do you think he sent what to?
172	0	3,086	0,347666666666667	0	linguistic_journal_jh	John told Sue for Harry to wash themselves.
173	0	3,106	0,351	0	text_books_cola	Janet broke at the vase.
174	0	3,111	0,351833333333333	0	text_books_cola	The room contains many furniture.
175	1	3,111	0,351833333333333	0	text_books_cola	Into which room did Jeeves sauntered?
176	0	3,114	0,352333333333333	0	text_books_cola	Sam may have been being interrogating by the FBI.
177	0	3,114	0,352333333333333	0	text_books_cola	When into the room came Aunt Norris, Fanny stopped talking.
178	1	3,114	0,352333333333333	0	text_books_cola	John left his office at 11 and at 12, the library.
179	0	3,139	0,3565	0	linguistic_journal_jh	How likely to be a riot is there?
180	0	3,143	0,357166666666667	0	text_books_cola	Mary persuaded to leave John.
181	0	3,143	0,357166666666667	0	linguistic_journal_jh	Undine underwent John's investigation drunk.
182	0	3,167	0,361166666666667	0	linguistic_journal_jh	It was on Smiley on whom the sheriff placed the blame.
183	0	3,171	0,361833333333333	0	text_books_cola	The students and Professor Swansong is meeting in the park.
184	1	3,171	0,361833333333333	0	linguistic_journal_jh	The careful track that which she's keeping of her expenses pleases me.
185	0	3,189	0,364833333333333	0	linguistic_journal_jh	Mary was bought a cake.
186	1	3,194	0,365666666666667	0	linguistic_journal_jh	I envy you your equanimity again.
187	0	3,2	0,366666666666667	0	linguistic_journal_jh	What do you think Bill sprayed who with?
188	1	3,214	0,369	0	text_books_cola	I believed these students all to like John.
189	0	3,231	0,371833333333333	0	text_books_cola	The children eat all chocolate.
190	1	3,243	0,373833333333333	0	text_books_cola	The tub leaked empty of water.
191	0	3,25	0,375	0	text_books_cola	Among the guests were sitting my friend Louise.
192	0	3,263	0,377166666666667	0	text_books_cola	John learned French immediately perfectly.
193	1	3,265	0,3775	0	text_books_cola	Mary send a book.
194	0	3,27	0,378333333333333	0	text_books_cola	At Mrs. Parker's lodged an old woman.
195	0	3,278	0,379666666666667	0	text_books_cola	Doug removed at the scratches from the tabletop.
196	1	3,278	0,379666666666667	0	text_books_cola	Real play Valencia next Sunday.
197	0	3,286	0,381	0	text_books_cola	Maxwell isn't half the doctor.
198	0	3,297	0,382833333333333	0	text_books_cola	It is likely to seem to be arrogant.
199	0	3,297	0,382833333333333	0	linguistic_journal_jh	John took a hard time.
200	0	3,306	0,384333333333333	0	linguistic_journal_jh	Sandy, was vilified, who I'm sure you remember, by the press.
201	0	3,314	0,385666666666667	0	text_books_cola	Rich we have impeccable taste.
202	1	3,314	0,385666666666667	0	linguistic_journal_jh	Susan was promised to be helped to take care of herself.
203	1	3,314	0,385666666666667	0	linguistic_journal_jh	John might bathe, but Sally can't get wet because of her poison ivy or Mary get dressed because of her phobias, so we may as well give up.
204	1	3,333	0,388833333333333	0	text_books_cola	John, to who and to whose friends that letter was addressed, is a fool.
205	1	3,34	0,39	0	linguistic_journal_jh	After one's pitching one's tent, sleep comes quickly.
206	0	3,343	0,3905	0	linguistic_journal_jh	It was of John that I took a picture to school.
207	0	3,361	0,3935	0	text_books_cola	Few information was provided.
208	0	3,361	0,3935	0	text_books_cola	They think she is too much happy.
209	0	3,371	0,395166666666667	0	linguistic_journal_jh	I saw the picture of himself yesterday that John liked.
210	0	3,378	0,396333333333333	0	linguistic_journal_jh	After one's pitching the tents, darkness fell quickly.
211	1	3,395	0,399166666666667	0	linguistic_journal_jh	If Haldeman is guilty, too, then Nixon is.
212	0	3,4	0,4	0	text_books_cola	The scissors is lost.
213	1	3,417	0,402833333333333	0	text_books_cola	I showed few boys any of the books.
214	1	3,429	0,404833333333333	0	text_books_cola	What the spy became was too friendly with his new contacts.
215	1	3,429	0,404833333333333	0	linguistic_journal_jh	I make too strong an espresso, and Fred too weak.
216	0	3,444	0,407333333333333	0	text_books_cola	The man arrived on the train was my brother.
217	1	3,459	0,409833333333333	0	linguistic_journal_jh	The unfortunate expects that he will get a medal.
218	0	3,459	0,409833333333333	0	linguistic_journal_jh	They saw that picture of itself next to the rock.
219	0	3,471	0,411833333333333	0	linguistic_journal_jh	The teacher and I have done their best to fix the problem.
220	0	3,472	0,412	0	text_books_cola	I think that learning English to be not all that easy.
221	0	3,472	0,412	0	linguistic_journal_jh	In that direction, I think they went.
222	1	3,475	0,4125	0	linguistic_journal_jh	John pushed a cart into stores in ten minutes.
223	0	3,5	0,416666666666667	0	text_books_cola	Anson believed Jenny to have hurt himself.
224	0	3,5	0,416666666666667	0	linguistic_journal_jh	John's wife thought that for to indulge himself in drinking is inappropriate.
225	0	3,512	0,418666666666667	0	text_books_cola	He figured out that.
226	1	3,537	0,422833333333333	0	linguistic_journal_jh	Susan was promised to be encouraged to take care of herself.
227	1	3,541	0,4235	0	text_books_cola	Edward's help, you can rely on.
228	0	3,543	0,423833333333333	0	linguistic_journal_jh	No boy was admitted to the Mystery Spot, before he, who had to wait in line for at least two hours, signed a waiver-of-liability form.
229	0	3,55	0,425	0	linguistic_journal_jh	This car, I would consider buying, which is equipped with a V6.
230	0	3,553	0,4255	0	text_books_cola	The judge offered the winner with a prize.
231	0	3,556	0,426	0	linguistic_journal_jh	To people without union affiliation will be given the boot.
232	0	3,558	0,426333333333333	0	text_books_cola	She knocked himself on the head with a zucchini.
233	1	3,568	0,428	0	text_books_cola	Playing with matches is; lots of fun, but doing, so and emptying gasoline from one can to another at the same time is a sport best reserved for arsons.
234	1	3,571	0,4285	0	text_books_cola	The dumplings which Sasha is gobbling down faster than I can reheat the meatballs are extremely tasty, if I do say so.
235	0	3,571	0,4285	0	text_books_cola	They promised it to rain.
236	0	3,579	0,429833333333333	0	text_books_cola	We called my father, who had just turned 60, up.
237	0	3,6	0,433333333333333	0	text_books_cola	Mary came to read Fred's story, and I also came to.
238	0	3,6	0,433333333333333	0	linguistic_journal_jh	John seems to meet at six.
239	1	3,629	0,438166666666667	0	text_books_cola	The mouse was out the cheese box.
240	0	3,634	0,439	0	linguistic_journal_jh	John read the book for the hours.
241	0	3,639	0,439833333333333	0	text_books_cola	Reports of which the government prescribes the height of the Lettering on the covers are invariably boring.
242	1	3,639	0,439833333333333	0	linguistic_journal_jh	There will soon arrive at your door one of our representatives.
243	1	3,643	0,4405	0	linguistic_journal_jh	The birth of his son gave heart to Mike.
244	1	3,657	0,442833333333333	0	text_books_cola	Fred must both have been singing songs and have been drinking beer.
245	0	3,657	0,442833333333333	0	text_books_cola	I believe that the world is round strongly.
246	0	3,657	0,442833333333333	0	linguistic_journal_jh	It is Sandy that I see, who I'm sure you remember, regularly.
247	0	3,658	0,443	0	linguistic_journal_jh	I hope that Bill with all my heart will come to the party.
248	1	3,676	0,446	0	text_books_cola	That I should kiss pigs is my fondest dream.
249	0	3,686	0,447666666666667	0	text_books_cola	Placed the flute on the table.
250	0	3,698	0,449666666666667	0	text_books_cola	The more contented the nurses began to believe that we were going to pretend to be, the more angry we grew at the doctors.
251	0	3,703	0,4505	0	linguistic_journal_jh	Vera left the party so as for Fred not to get embarrassed.
252	0	3,703	0,4505	0	linguistic_journal_jh	Who did you find a photograph of rather unattractive?
253	0	3,711	0,451833333333333	0	linguistic_journal_jh	Whose name did John forget before he wrote down?
254	1	3,743	0,457166666666667	0	text_books_cola	There darted into the room a little boy.
255	0	3,756	0,459333333333333	0	text_books_cola	I reviewed Joe's attempt to find Holly while you reviewed José's attempt to.
256	1	3,775	0,4625	0	linguistic_journal_jh	The boss gave the wolves Maria.
257	0	3,778	0,463	0	text_books_cola	She has problem enough as it is.
258	0	3,78	0,463333333333333	0	text_books_cola	We proved conclusively to the authorities Smith to be the thief.
259	1	3,784	0,464	0	text_books_cola	The more examples Mary says that Bill has helped Fred to discover the less I believe her.
260	1	3,795	0,465833333333333	0	linguistic_journal_jh	I found a bureaucrat bribed.
261	1	3,806	0,467666666666667	0	text_books_cola	You friends of the king are all the same.
262	1	3,806	0,467666666666667	0	linguistic_journal_jh	John requested Sally to be allowed to take care of himself.
263	1	3,806	0,467666666666667	0	linguistic_journal_jh	He is a man less happy than my father.
264	1	3,821	0,470166666666667	0	text_books_cola	A plan to negotiate an honorable end to the war in Vietnam was gotten wind of.
265	1	3,826	0,471	0	linguistic_journal_jh	John visited a town that's near the town Mary did.
266	1	3,857	0,476166666666667	0	text_books_cola	John fed the baby up with rice.
267	0	3,861	0,476833333333333	0	text_books_cola	Fanny continued talking although in came Aunt Norris.
268	1	3,865	0,4775	0	linguistic_journal_jh	If Bertrand Russell is giving the lecture, it is the author of ‘‘On Denoting'' who is giving the lecture.
269	1	3,868	0,478	0	linguistic_journal_jh	Mary climbed higher yesterday than 1,000 feet.
270	0	3,882	0,480333333333333	0	text_books_cola	Did you notice of which difficulties she made light?
271	0	3,886	0,481	0	text_books_cola	The man I think that chased Fido returned.
272	1	3,889	0,4815	0	text_books_cola	I asked did Medea poison Jason.
273	1	3,889	0,4815	0	linguistic_journal_jh	Alice met each man taller than my father.
274	0	3,892	0,482	0	linguistic_journal_jh	Mugsy Boags was very tall a basketball player.
275	1	3,892	0,482	0	linguistic_journal_jh	Mary was wagered to have won the race.
276	0	3,897	0,482833333333333	0	text_books_cola	Gwen exchanged the dress to Mary.
277	0	3,9	0,483333333333333	0	text_books_cola	I assumed to be innocent.
278	1	3,914	0,485666666666667	0	text_books_cola	Gomez's photograph of Pugsley belonging to Lucy.
279	0	3,917	0,486166666666667	0	linguistic_journal_jh	Helen examined Bernie in order for us to vindicate himself.
280	1	3,917	0,486166666666667	0	linguistic_journal_jh	Sitting on the fence seems to be a crow.
281	0	3,927	0,487833333333333	0	linguistic_journal_jh	John told Sue when to wash each other.
282	1	3,943	0,4905	0	linguistic_journal_jh	John has at most as many houses as Bill has.
283	0	3,944	0,490666666666667	0	linguistic_journal_jh	John gave Susan some kind of encouragement to take care of himself.
284	1	3,946	0,491	0	text_books_cola	How he is brave!
285	0	3,947	0,491166666666667	0	linguistic_journal_jh	There clapped a good little monkey.
286	0	3,957	0,492833333333333	0	linguistic_journal_jh	The book was filed without my reading first.
287	0	3,972	0,495333333333333	0	linguistic_journal_jh	There seems a man to be in the room.
288	1	4	0,5	1	linguistic_journal_jh	John saw in the living room yesterday the man who lived next door.
289	1	4	0,5	1	linguistic_journal_jh	Either the Waring number is odd, or the Waring number plus six is even, too.
290	0	4,026	0,504333333333333	1	linguistic_journal_jh	The good little monkey clapped silly.
291	0	4,028	0,504666666666667	1	linguistic_journal_jh	Ginny remembered that she would have bought the beer (by the time she goes to bed this evening).
292	1	4,029	0,504833333333333	1	text_books_cola	Calvin will have been eating.
293	0	4,029	0,504833333333333	1	text_books_cola	Mary prefers that Bill will come.
294	1	4,029	0,504833333333333	1	linguistic_journal_jh	Susan got from John some kind of invitation to take care of herself.
295	0	4,029	0,504833333333333	1	linguistic_journal_jh	The magician vanished the rabbit.
296	1	4,053	0,508833333333333	1	text_books_cola	Only to the best students would he give this book.
297	0	4,057	0,5095	1	text_books_cola	It mattered with a telescope.
298	0	4,057	0,5095	1	linguistic_journal_jh	Julien is so crazy than he eats ants.
299	1	4,07	0,511666666666667	1	text_books_cola	That automobile factories abound in Michigan worries me greatly.
300	0	4,083	0,513833333333333	1	linguistic_journal_jh	This child my daughter played with, had the flu.
301	1	4,086	0,514333333333333	1	linguistic_journal_jh	Susan was promised to be enabled to take care of herself.
302	0	4,108	0,518	1	text_books_cola	Ellen conferred Helen.
303	1	4,111	0,5185	1	linguistic_journal_jh	John arrived a fool.
304	1	4,114	0,519	1	text_books_cola	Mary and an old friend who comes from Miami kissed.
305	0	4,114	0,519	1	text_books_cola	I read some book.
306	1	4,114	0,519	1	linguistic_journal_jh	Bottles of beer were drunk in three minutes for an hour straight.
307	1	4,122	0,520333333333333	1	text_books_cola	Such an eminent scholar as Dr. Lucille Hein was here.
308	0	4,125	0,520833333333333	1	text_books_cola	The door has seven holes in it and the window.
309	1	4,139	0,523166666666667	1	text_books_cola	You British or you Americans will get yourselves in trouble.
310	1	4,139	0,523166666666667	1	linguistic_journal_jh	If someone voted against his tenure, it is Susan who voted against his tenure.
311	0	4,139	0,523166666666667	1	linguistic_journal_jh	Sarah convinced Bill that he would have gone to the party (by the time he goes to bed this evening).
312	1	4,147	0,5245	1	linguistic_journal_jh	How tall a forward did the Lakers hire?
313	1	4,167	0,527833333333333	1	linguistic_journal_jh	John is a cleverer man than Bill is.
314	0	4,167	0,527833333333333	1	linguistic_journal_jh	John read the book for each hour.
315	0	4,167	0,527833333333333	1	linguistic_journal_jh	I put those pictures of Sara next to herself.
316	1	4,182	0,530333333333333	1	text_books_cola	What I believe that he was wearing is this hat.
317	1	4,194	0,532333333333333	1	linguistic_journal_jh	After the books went on sale, thirteen shoppers who had bought some earlier complained; but after the magazines went on sale, only two did.
318	0	4,194	0,532333333333333	1	linguistic_journal_jh	John only will read the book.
319	1	4,2	0,533333333333333	1	text_books_cola	Dulles suspected everyone who Angleton did.
320	1	4,2	0,533333333333333	1	text_books_cola	A lot of this material can be presented in a fairly informal and accessible fashion, and often I do.
321	0	4,2	0,533333333333333	1	text_books_cola	This drug's testing on oneself is too risky.
322	0	4,2	0,533333333333333	1	linguistic_journal_jh	Bernie was pleased by Helen without compromising herself.
323	1	4,205	0,534166666666667	1	linguistic_journal_jh	John shouted to Sally to be allowed to leave.
324	0	4,205	0,534166666666667	1	linguistic_journal_jh	That way, he always pronounces my name.
325	1	4,216	0,536	1	text_books_cola	John is more embarrassed, the more pictures of himself appear in the news.
326	0	4,216	0,536	1	linguistic_journal_jh	Susan was promised by John to take care of himself.
327	0	4,216	0,536	1	linguistic_journal_jh	John asked Sally to take care of himself.
328	1	4,216	0,536	1	linguistic_journal_jh	I know a bureaucrat bribed deliberately.
329	1	4,216	0,536	1	linguistic_journal_jh	Jim returned home a man as tall as my father.
330	1	4,222	0,537	1	text_books_cola	I am confident of, and my boss depends on, a successful outing at the track.
331	0	4,222	0,537	1	text_books_cola	On the table jumped a cat.
332	1	4,229	0,538166666666667	1	linguistic_journal_jh	I visited a city yesterday near the city that John did.
333	0	4,237	0,5395	1	linguistic_journal_jh	John proved there to have been three chapters plagiarized with one convincing example each.
334	0	4,244	0,540666666666667	1	linguistic_journal_jh	There seems that a man is in the room.
335	0	4,25	0,541666666666667	1	linguistic_journal_jh	Helen examined Bernie so as to vindicate themselves.
336	1	4,25	0,541666666666667	1	linguistic_journal_jh	I played up my attention.
337	0	4,257	0,542833333333333	1	text_books_cola	Heidi said that Bill's pictures of herself were embarrassing.
338	0	4,257	0,542833333333333	1	linguistic_journal_jh	Susan got from John some kind of instructions to take care of himself.
339	0	4,286	0,547666666666667	1	linguistic_journal_jh	Susan was promised to be hit on the head.
340	0	4,286	0,547666666666667	1	linguistic_journal_jh	One interpreter each tried to be assigned to the visiting diplomats.
341	1	4,298	0,549666666666667	1	linguistic_journal_jh	John read a book yesterday, and the newspapers.
342	0	4,3	0,55	1	text_books_cola	He never achieved anything, didn't he?
343	0	4,3	0,55	1	linguistic_journal_jh	John signaled to take care of oneself.
344	1	4,306	0,551	1	text_books_cola	Those people, after the party, will not come home.
345	0	4,306	0,551	1	text_books_cola	Any student in Mary's class happened to vote.
346	1	4,306	0,551	1	text_books_cola	John heard their criticism of themselves.
347	0	4,31	0,551666666666667	1	linguistic_journal_jh	To who did you send what?
348	0	4,314	0,552333333333333	1	linguistic_journal_jh	John told Sue to wash oneself.
349	1	4,317	0,552833333333333	1	linguistic_journal_jh	That picture of himself caused John to come toward me.
350	0	4,324	0,554	1	text_books_cola	Mary was told to bring something to the party, so she asked Sue what to.
351	0	4,324	0,554	1	text_books_cola	Every student answered any question.
352	0	4,333	0,5555	1	text_books_cola	Paula swatted the cloth into the fly.
353	0	4,333	0,5555	1	linguistic_journal_jh	The Romans gave the Visigoths way.
354	1	4,343	0,557166666666667	1	linguistic_journal_jh	John pushed the car at the building for an hour.
355	1	4,361	0,560166666666667	1	linguistic_journal_jh	A Germanic people are trying to settle in this land.
356	0	4,371	0,561833333333333	1	linguistic_journal_jh	Max may have been studying, but Mo may have done so too.
357	0	4,371	0,561833333333333	1	linguistic_journal_jh	I bought jam, bread, and etc.
358	0	4,378	0,563	1	linguistic_journal_jh	John read the book in some hours.
359	1	4,382	0,563666666666667	1	linguistic_journal_jh	There arrived three men.
360	0	4,389	0,564833333333333	1	linguistic_journal_jh	Bill believes Sarah to be honest, and he believes Kim to as well.
361	1	4,41	0,568333333333333	1	text_books_cola	The people in whose house we stayed left.
362	1	4,417	0,5695	1	linguistic_journal_jh	Nixon is guilty, if Haldeman is, too.
363	0	4,444	0,574	1	linguistic_journal_jh	John tried to win and Bill did likewise to try to win.
364	1	4,457	0,576166666666667	1	linguistic_journal_jh	Wildlife ate a sheep in ten minutes.
365	1	4,457	0,576166666666667	1	linguistic_journal_jh	John carried the goat in the barn and Frank did so in the church.
366	1	4,465	0,5775	1	linguistic_journal_jh	For Mary to be our representative would be preferred by everyone.
367	0	4,472	0,578666666666667	1	linguistic_journal_jh	Helen pleased Bernie without compromising themselves.
368	0	4,474	0,579	1	linguistic_journal_jh	The good little monkey clapped himself.
369	0	4,486	0,581	1	text_books_cola	Jack is the person whom Jenny fell in love.
370	0	4,486	0,581	1	linguistic_journal_jh	Ginny remembered to have bought the beer.
371	1	4,514	0,585666666666667	1	linguistic_journal_jh	A people with a tradition of trepanning have been discovered.
372	0	4,528	0,588	1	text_books_cola	I visited every town in every country I had to.
373	1	4,538	0,589666666666667	1	text_books_cola	I read his every book.
374	1	4,538	0,589666666666667	1	linguistic_journal_jh	Which picture did John pose for and Bill take?
375	1	4,543	0,5905	1	linguistic_journal_jh	Nixon is guilty, if Haldeman is guilty, too.
376	0	4,553	0,592166666666667	1	linguistic_journal_jh	John pushed the cart into the store and Frank did so into the church.
377	1	4,564	0,594	1	text_books_cola	I ordered that John drink his beer.
378	1	4,579	0,5965	1	text_books_cola	A man just came in and a woman went out who were similar in all kinds of ways.
379	1	4,583	0,597166666666667	1	linguistic_journal_jh	If Karpov checkmates Kasparov in the next game, probably the challenger will defeat the champion in the Berlin game, too.
380	1	4,583	0,597166666666667	1	linguistic_journal_jh	John gave flowers to her yesterday and him on Sunday.
381	0	4,588	0,598	1	text_books_cola	John had an error in the proof Sarah presented.
382	0	4,588	0,598	1	text_books_cola	No student, who scored 80 or more in the exam, was ever failed.
383	1	4,59	0,598333333333333	1	linguistic_journal_jh	I thought they wondered how to feed themselves.
384	1	4,611	0,601833333333333	1	text_books_cola	No student who scored 80 or more in the exam was ever failed.
385	1	4,611	0,601833333333333	1	linguistic_journal_jh	John pushed a cart into mud in ten minutes.
386	1	4,618	0,603	1	text_books_cola	Mary believed him to have loved her.
387	1	4,622	0,603666666666667	1	linguistic_journal_jh	What did you send to who?
388	1	4,629	0,604833333333333	1	text_books_cola	Who seems to be certain to leave first?
389	1	4,629	0,604833333333333	1	linguistic_journal_jh	John will claim tomorrow that Mary is taller than she is.
390	1	4,629	0,604833333333333	1	linguistic_journal_jh	Ginny remembered that she will have bought the beer (by the time she goes to bed this evening).
391	1	4,639	0,6065	1	linguistic_journal_jh	John screamed to take care of yourself.
392	0	4,639	0,6065	1	linguistic_journal_jh	John prayed to Athena to take care of himself.
393	1	4,639	0,6065	1	linguistic_journal_jh	We proclaimed John to the public to be a hero.
394	1	4,657	0,6095	1	linguistic_journal_jh	That picture of himself caused folks to think they should avoid Bill.
395	1	4,658	0,609666666666667	1	text_books_cola	The belief that syntactic theory reveals the inner structure of sentences emboldened the already much too cocky professor.
396	0	4,667	0,611166666666667	1	text_books_cola	Angela characterized Shelly a lifesaver.
397	1	4,667	0,611166666666667	1	text_books_cola	That he has blood on his hands proves that John is the murderer.
398	1	4,667	0,611166666666667	1	linguistic_journal_jh	John promised Mary to leave.
399	1	4,675	0,6125	1	linguistic_journal_jh	Susan got from John some kind of encouragement to take care of herself.
400	0	4,675	0,6125	1	linguistic_journal_jh	It was on Smiley whom the sheriff placed the blame.
401	0	4,692	0,615333333333333	1	linguistic_journal_jh	John begged Sally to take care of himself.
402	1	4,703	0,617166666666667	1	linguistic_journal_jh	I checked every candidate out that you did.
403	1	4,714	0,619	1	text_books_cola	Genie intoned the prayer.
404	1	4,722	0,620333333333333	1	text_books_cola	Tom picked these grapes, and I washed these grapes, and Suzie will prepare these grapes.
405	0	4,722	0,620333333333333	1	linguistic_journal_jh	Helen examined Bernie in order to vindicate themselves.
406	1	4,743	0,623833333333333	1	text_books_cola	Any senator seems to become more corrupt, as he talks to more lobbyists.
407	1	4,743	0,623833333333333	1	text_books_cola	The happy, happy, happy, happy, happy, happy man sang a song.
408	0	4,743	0,623833333333333	1	linguistic_journal_jh	He seems a good leader.
409	1	4,744	0,624	1	linguistic_journal_jh	Pat had read a book, which is what Sam had done too.
410	1	4,75	0,625	1	linguistic_journal_jh	When Bob had to sail round the world and Alice had to climb Kilimanjaro, they didn't want to; and when Bob had to swim the English Channel and Alice had to climb K2, they didn't either.
411	1	4,75	0,625	1	linguistic_journal_jh	She has lived few places with so much sunlight.
412	0	4,771	0,6285	1	linguistic_journal_jh	His wife kissed in front of the kids.
413	1	4,8	0,633333333333333	1	text_books_cola	My niece could more faithfully write me letters.
414	1	4,8	0,633333333333333	1	linguistic_journal_jh	John pushed the cart outside the store and Frank did so outside the church.
415	1	4,805	0,634166666666667	1	linguistic_journal_jh	It's that James can and Peter can't.
416	1	4,805	0,634166666666667	1	linguistic_journal_jh	He is less happy a man than my father.
417	1	4,806	0,634333333333333	1	linguistic_journal_jh	The jewels stolen were on the table.
418	1	4,816	0,636	1	text_books_cola	It was the director that I think she said she wants to meet.
419	1	4,824	0,637333333333333	1	linguistic_journal_jh	John darkened his hair to black, and Bill did so to chestnut brown.
420	0	4,833	0,638833333333333	1	text_books_cola	Guinevere has a single bone that is in every corner of the house.
421	1	4,846	0,641	1	linguistic_journal_jh	John hasn't, but Bill may be, questioning our motives.
422	0	4,853	0,642166666666667	1	linguistic_journal_jh	Who filed which report without reading?
423	0	4,857	0,642833333333333	1	text_books_cola	I emptied it with butter.
424	0	4,857	0,642833333333333	1	linguistic_journal_jh	I'm not hiking in this heat -- cold water or no water!
425	1	4,861	0,6435	1	text_books_cola	It was for $1000 that Ann bought a first edition of Richard III.
426	1	4,865	0,644166666666667	1	linguistic_journal_jh	John will, and Peter already has, slept in her house.
427	0	4,881	0,646833333333333	1	text_books_cola	Anson is incredibly difficult to be pleased.
428	1	4,886	0,647666666666667	1	text_books_cola	Into the room sauntered Jeeves.
429	1	4,889	0,648166666666667	1	text_books_cola	Anson danced extremely frantically at Trade.
430	1	4,889	0,648166666666667	1	linguistic_journal_jh	Nixon is guilty, too, if Haldeman is guilty.
431	1	4,891	0,6485	1	linguistic_journal_jh	But most people do believe OJ bought himself out of jailtime.
432	0	4,897	0,6495	1	text_books_cola	Old pictures of themselves convinced the children to pretend to be adults.
433	1	4,914	0,652333333333333	1	linguistic_journal_jh	John gave more books than he read last summer to Mary.
434	0	4,923	0,653833333333333	1	linguistic_journal_jh	John built houses in a week.
435	1	4,929	0,654833333333333	1	linguistic_journal_jh	How fast a car do you want to buy?
436	1	4,952	0,658666666666667	1	text_books_cola	Having read Shakespeare satisfied me.
437	1	4,971	0,661833333333333	1	linguistic_journal_jh	Helen examined Bernie so as to vindicate herself.
438	1	4,974	0,662333333333333	1	text_books_cola	What exploded when?
439	1	4,974	0,662333333333333	1	linguistic_journal_jh	John has, and Peter definitely will, sleep in her house.
440	1	5	0,666666666666667	1	text_books_cola	At Trade, Anson danced extremely frantically.
441	1	5	0,666666666666667	1	linguistic_journal_jh	Lily lives where we have to fly through on our way to Vancouver.
442	1	5	0,666666666666667	1	linguistic_journal_jh	How interesting a play did Brio write?
443	1	5,027	0,671166666666667	1	linguistic_journal_jh	John smoked himself thin.
444	0	5,029	0,6715	1	linguistic_journal_jh	John shouted to take care of oneself.
445	1	5,051	0,675166666666667	1	text_books_cola	Which book by his father did he read?
446	1	5,056	0,676	1	text_books_cola	For John to tell Bill such a lie and Bill to believe it is outrageous.
447	1	5,065	0,6775	1	linguistic_journal_jh	It was amusing to Fred to watch the worm parade.
448	1	5,07	0,678333333333333	1	linguistic_journal_jh	John slept and Mary will too.
449	1	5,075	0,679166666666667	1	text_books_cola	What she did was e-mail all her friends.
450	1	5,079	0,679833333333333	1	linguistic_journal_jh	Susan was promised to be allowed to take care of herself.
451	1	5,083	0,6805	1	linguistic_journal_jh	Susan was promised by John to be allowed to take care of herself.
452	1	5,083	0,6805	1	linguistic_journal_jh	You have lived few places that I cared for.
453	1	5,108	0,684666666666667	1	text_books_cola	What the baby did was chew the biscuit.
454	1	5,114	0,685666666666667	1	linguistic_journal_jh	What did Kevin persuade Roger he should try?
455	0	5,114	0,685666666666667	1	linguistic_journal_jh	John read the book for the hour.
456	1	5,114	0,685666666666667	1	linguistic_journal_jh	Alice met every man taller than my father.
457	1	5,114	0,685666666666667	1	linguistic_journal_jh	There is certain to be a riot.
458	1	5,116	0,686	1	linguistic_journal_jh	Which diplomat should I discuss which issue with?
459	1	5,135	0,689166666666667	1	text_books_cola	Tom ordered bacon, and Dick ordered lettuce, and Harry ordered tomatoes.
460	0	5,139	0,689833333333333	1	text_books_cola	John kept behind the counter.
461	1	5,143	0,6905	1	linguistic_journal_jh	John thinks that Mary dislikes teaching herself.
462	1	5,154	0,692333333333333	1	linguistic_journal_jh	Bernie was liked by Helen without compromising himself.
463	1	5,156	0,692666666666667	1	linguistic_journal_jh	He need not do that.
464	0	5,158	0,693	1	linguistic_journal_jh	Which story was the editor shown without anyone verifying?
465	0	5,162	0,693666666666667	1	linguistic_journal_jh	The CEO wanted for none of the applicants to be hired during any of the interviews.
466	1	5,167	0,6945	1	linguistic_journal_jh	It happened that Romario would score in every game.
467	0	5,171	0,695166666666667	1	text_books_cola	Baseballs toss easily.
468	1	5,171	0,695166666666667	1	linguistic_journal_jh	This car, which is equipped with a V6, I would consider buying.
469	1	5,189	0,698166666666667	1	text_books_cola	John will study syntax, and Mary, too.
470	1	5,194	0,699	1	linguistic_journal_jh	I had a bureaucrat bribed deliberately.
471	1	5,194	0,699	1	linguistic_journal_jh	Mary knew that perjuring himself disturbed John.
472	0	5,2	0,7	1	linguistic_journal_jh	Lily knew that Jack was about to get upset based on the way with which he was looking at her.
473	1	5,2	0,7	1	linguistic_journal_jh	It's this sort of story about herself which no woman would tell a man.
474	1	5,222	0,703666666666667	1	linguistic_journal_jh	Tonight many other people are having dinner in New York, and Sam is having dinner there, too.
475	1	5,229	0,704833333333333	1	text_books_cola	If Ron knows whether to wear a tuxedo, and Caspar knows whether not to, do they know different things?
476	1	5,229	0,704833333333333	1	text_books_cola	Mary drank some beer in the barn from 6 to nine.
477	1	5,233	0,7055	1	text_books_cola	We like our friends and they like their friends, too.
478	1	5,243	0,707166666666667	1	linguistic_journal_jh	John said that Mary asked how to feed herself.
479	1	5,243	0,707166666666667	1	linguistic_journal_jh	How did Kevin persuade Roger he should fix the car?
480	1	5,25	0,708333333333333	1	linguistic_journal_jh	To get good cheese, it is sufficient to go to the North End.
481	1	5,256	0,709333333333333	1	linguistic_journal_jh	They suspected and we believed that Peter would visit the hospital.
482	1	5,257	0,7095	1	text_books_cola	The committee have all now resigned.
483	1	5,257	0,7095	1	text_books_cola	Those days Bill offered Mary everything he cooked.
484	1	5,257	0,7095	1	linguistic_journal_jh	The skies need only to darken a little bit and my dog runs under the table.
485	1	5,278	0,713	1	text_books_cola	They ignored the suggestion that Lee lied.
486	1	5,278	0,713	1	linguistic_journal_jh	I had a bureaucrat bribed.
487	1	5,282	0,713666666666667	1	linguistic_journal_jh	John tried to win and Bill did likewise.
488	1	5,294	0,715666666666667	1	text_books_cola	She buys for Harrods.
489	1	5,306	0,717666666666667	1	text_books_cola	It was the man that bought the articles from him.
490	0	5,308	0,718	1	linguistic_journal_jh	To whom did you send what?
491	1	5,314	0,719	1	text_books_cola	The richer John gets, the more geniuses John meets.
492	1	5,314	0,719	1	text_books_cola	In the mountains there raged a fire.
493	1	5,325	0,720833333333333	1	text_books_cola	The sinking of the ship to collect the insurance was very devious.
494	1	5,343	0,723833333333333	1	text_books_cola	An old woman lodged at Mrs. Parker's.
495	1	5,343	0,723833333333333	1	text_books_cola	Some people like bagels, but others cream cheese.
496	1	5,343	0,723833333333333	1	linguistic_journal_jh	Lily always naps at the time that Jack despises.
497	1	5,364	0,727333333333333	1	linguistic_journal_jh	John ate himself sick.
498	1	5,378	0,729666666666667	1	text_books_cola	I owe it to you that the jury acquitted me.
499	1	5,378	0,729666666666667	1	linguistic_journal_jh	John might bathe, but Sally can't because of her poison ivy and Mary won't get dressed, so we may as well give up.
500	1	5,385	0,730833333333333	1	text_books_cola	They believe it to be easy to annoy Ben.
501	1	5,39	0,731666666666667	1	text_books_cola	I know two men who are behind me.
502	1	5,391	0,731833333333333	1	linguistic_journal_jh	John asked Sally to be allowed to leave.
503	1	5,417	0,736166666666667	1	linguistic_journal_jh	She has lived in few places with so much sunlight.
504	1	5,444	0,740666666666667	1	text_books_cola	This drug must first be tested on oneself.
505	1	5,45	0,741666666666667	1	linguistic_journal_jh	John flattered Mary in order for Fred to be vindicated.
506	1	5,457	0,742833333333333	1	text_books_cola	The man who I gave John a picture of was bald.
507	0	5,457	0,742833333333333	1	text_books_cola	The lady singing with a boy is a genius, isn't she?
508	0	5,457	0,742833333333333	1	text_books_cola	It isn't because Sue said anything bad about me that I'm angry, although she did say some bad things about me.
509	1	5,457	0,742833333333333	1	linguistic_journal_jh	A biography of one of the Marx brothers is going to be published this year -- guess which Marx brother.
510	1	5,462	0,743666666666667	1	linguistic_journal_jh	I will spare you my help.
511	1	5,472	0,745333333333333	1	text_books_cola	The mother of the boy and the girl is arriving soon.
512	1	5,472	0,745333333333333	1	linguistic_journal_jh	Only you remember our first appointment.
513	0	5,472	0,745333333333333	1	linguistic_journal_jh	John read the book in few hours.
514	1	5,474	0,745666666666667	1	linguistic_journal_jh	It appears that he doesn't want to go somewhere.
515	1	5,475	0,745833333333333	1	text_books_cola	For Aphrodite to appear to be happy would be impossible.
516	1	5,486	0,747666666666667	1	linguistic_journal_jh	John carried the goat into the barn for an hour.
517	1	5,488	0,748	1	linguistic_journal_jh	John pleaded to take care of himself.
518	0	5,488	0,748	1	linguistic_journal_jh	John left after reading a biography, but I don't know of whom.
519	1	5,5	0,75	1	text_books_cola	The wizard turned the beetle into beer with a wave of his wand.
520	1	5,514	0,752333333333333	1	linguistic_journal_jh	A mayor just stepped down, but I don't know of which city.
521	1	5,514	0,752333333333333	1	linguistic_journal_jh	Who did he give the creeps to last night?
522	1	5,523	0,753833333333333	1	linguistic_journal_jh	John made an offer to Bill to stay.
523	1	5,541	0,756833333333333	1	linguistic_journal_jh	You get the creeps.
524	1	5,541	0,756833333333333	1	linguistic_journal_jh	John agreed with Susan to take care of himself.
525	0	5,556	0,759333333333333	1	text_books_cola	There is believed to be a sheep in the park.
526	1	5,556	0,759333333333333	1	text_books_cola	Mary talked to any student who was angry.
527	1	5,564	0,760666666666667	1	text_books_cola	The hare outran the tortoise by so much that he forgot the latter was even in the race any more.
528	1	5,568	0,761333333333333	1	text_books_cola	The man who ordered a hot dog got one.
529	1	5,571	0,761833333333333	1	text_books_cola	The eggs and the cream mixed.
530	1	5,571	0,761833333333333	1	text_books_cola	It was in 1997 when the IN introduced the alien registration receipt card.
531	1	5,571	0,761833333333333	1	text_books_cola	Either the boys or the girls are going to be there.
532	1	5,583	0,763833333333333	1	text_books_cola	It was the policeman that met several young students in the park last night.
533	1	5,588	0,764666666666667	1	text_books_cola	Whenever Bill smokes, Susan hates him all the more.
534	0	5,591	0,765166666666667	1	text_books_cola	Heidi dislikes the TV's depiction of herself.
535	0	5,595	0,765833333333333	1	linguistic_journal_jh	Mary got free rein from them.
536	0	5,595	0,765833333333333	1	linguistic_journal_jh	The policeman saw the prisoner be arrested.
537	1	5,595	0,765833333333333	1	linguistic_journal_jh	Priscilla has had supper before, and she is having supper again now.
538	1	5,605	0,7675	1	linguistic_journal_jh	John wanted more people than I have ever met to come to the party.
539	0	5,618	0,769666666666667	1	linguistic_journal_jh	Carol convinced Dan at that time she didn't want a cat.
540	1	5,619	0,769833333333333	1	text_books_cola	These enthusiastic golfers that I met at the nineteenth hole can be good company.
541	1	5,622	0,770333333333333	1	linguistic_journal_jh	John flattered Mary while injuring himself.
542	1	5,622	0,770333333333333	1	linguistic_journal_jh	Someone saw the defendant at the scene of the crime ... the DA found out who.
543	1	5,629	0,7715	1	text_books_cola	It was John that was waiting at the restaurant.
544	1	5,639	0,773166666666667	1	linguistic_journal_jh	John got to shave himself.
545	1	5,647	0,7745	1	linguistic_journal_jh	Marv put the only things he could in his pocket.
546	1	5,647	0,7745	1	linguistic_journal_jh	He is as tall a man as my father.
547	1	5,649	0,774833333333333	1	text_books_cola	John will leave the party earlier.
548	0	5,649	0,774833333333333	1	text_books_cola	The lesson got read by a priest.
549	1	5,649	0,774833333333333	1	linguistic_journal_jh	The prisoner was made unhappy by the guard.
550	1	5,657	0,776166666666667	1	linguistic_journal_jh	We thought that Bill regretted meeting without a concrete agenda.
551	1	5,676	0,779333333333333	1	linguistic_journal_jh	You pronounced my name that way.
552	1	5,683	0,7805	1	text_books_cola	John promised Mary to cut the grass.
553	1	5,683	0,7805	1	linguistic_journal_jh	If Sam watches the opera, he will stop watching it when the Redskins game comes on.
554	0	5,684	0,780666666666667	1	text_books_cola	We respect Mary's desire for becoming famous.
555	0	5,686	0,781	1	text_books_cola	You give every senator enough opportunity and he will succumb to corruption.
556	1	5,686	0,781	1	text_books_cola	The knowledge of the problem is quite thorough.
557	1	5,686	0,781	1	text_books_cola	The teacher made students happy.
558	1	5,686	0,781	1	text_books_cola	This girl will put a picture of Bill on your desk before tomorrow.
559	1	5,714	0,785666666666667	1	text_books_cola	They'd leave soon.
560	1	5,714	0,785666666666667	1	text_books_cola	Helen sent a scarf to Jim for Margaret.
561	1	5,714	0,785666666666667	1	linguistic_journal_jh	I gave a good scrubbing to the tables we inherited from Aunt Selma.
562	0	5,722	0,787	1	text_books_cola	You must pick any flower.
563	1	5,725	0,7875	1	linguistic_journal_jh	At least one professor overheard the rumor that every student of mine was called before the dean.
564	1	5,732	0,788666666666667	1	text_books_cola	I'm sure he speaks to me!
565	1	5,735	0,789166666666667	1	text_books_cola	Mary gets depressed and she listens to the Grateful Dead.
566	1	5,743	0,7905	1	text_books_cola	$100,000 will build a house.
567	1	5,75	0,791666666666667	1	text_books_cola	There seems to be no student absent.
568	1	5,75	0,791666666666667	1	linguistic_journal_jh	On the same evening, the murderer hit again.
569	1	5,763	0,793833333333333	1	linguistic_journal_jh	To find out what Morris is working on, you only have to go to the Stata Center.
570	1	5,771	0,795166666666667	1	linguistic_journal_jh	Right now, I know how to solve these kinds of problems but in a few days I won't.
571	1	5,771	0,795166666666667	1	linguistic_journal_jh	Neither of them can, but Bob wants to sail round the world and Alice wants to climb Kilimanjaro.
572	1	5,775	0,795833333333333	1	linguistic_journal_jh	John promised Mary to go to England.
573	1	5,8	0,8	1	text_books_cola	The cottage which Mrs Dashwood accepted was very small.
574	1	5,806	0,801	1	linguistic_journal_jh	John resisted attempting to shoot himself.
575	1	5,811	0,801833333333333	1	linguistic_journal_jh	You only have to go to the North End and you will get good cheese.
576	1	5,812	0,802	1	linguistic_journal_jh	To get good cheese, you only have to go to the North End.
577	1	5,814	0,802333333333333	1	linguistic_journal_jh	John gave Susan some kind of reminder to take care of herself.
578	1	5,824	0,804	1	linguistic_journal_jh	John drove the car under the bridge for ten minutes.
579	1	5,825	0,804166666666667	1	text_books_cola	Madeleine planned to catch the sardines and she did.
580	1	5,829	0,804833333333333	1	text_books_cola	The man that chased Fido returned.
581	1	5,829	0,804833333333333	1	linguistic_journal_jh	I had a bureaucrat bribed to avoid the draft.
582	0	5,829	0,804833333333333	1	linguistic_journal_jh	John seems to win.
583	1	5,829	0,804833333333333	1	linguistic_journal_jh	Pat will be sleeping right now.
584	1	5,833	0,8055	1	text_books_cola	Nora pushed at the chair.
585	1	5,833	0,8055	1	text_books_cola	I think that the trolls will take the shepherd tomorrow.
586	1	5,833	0,8055	1	linguistic_journal_jh	John pledged to Susan that Fred would come.
587	1	5,837	0,806166666666667	1	linguistic_journal_jh	To get good cheese, you don't have to do more than go to the North End.
588	1	5,837	0,806166666666667	1	linguistic_journal_jh	There is certain to be someone in the room.
589	1	5,841	0,806833333333333	1	linguistic_journal_jh	Which student will buy which book?
590	1	5,857	0,8095	1	text_books_cola	There remained just a few problems to be solved.
591	1	5,857	0,8095	1	text_books_cola	The person whom they intended to speak with agreed to reimburse us.
592	1	5,857	0,8095	1	linguistic_journal_jh	I met John yesterday, who I like a lot.
593	1	5,857	0,8095	1	linguistic_journal_jh	Mary wasn't sure whether to do that.
594	1	5,865	0,810833333333333	1	linguistic_journal_jh	John saw the man who lived next door in the living room yesterday.
595	1	5,868	0,811333333333333	1	linguistic_journal_jh	For an hour, they slept, and then went to work.
596	1	5,872	0,812	1	linguistic_journal_jh	Children seem to be sick.
597	1	5,875	0,8125	1	linguistic_journal_jh	John has fewer houses than Bill has cars.
598	1	5,886	0,814333333333333	1	text_books_cola	The more articles he reads, the fewer people he thinks will go into linguistics.
599	1	5,886	0,814333333333333	1	linguistic_journal_jh	If the Poles defeat the Russians, the Hungarians will defeat the Russians, too.
600	1	5,886	0,814333333333333	1	linguistic_journal_jh	No one should have served poi.
601	1	5,886	0,814333333333333	1	linguistic_journal_jh	Bob wants to sail round the world and Alice wants to climb Kilimanjaro, but neither of them can, because money is too tight.
602	1	5,886	0,814333333333333	1	linguistic_journal_jh	John is taller than Bill is.
603	1	5,897	0,816166666666667	1	text_books_cola	I resigned because Mary hired someone.
604	0	5,897	0,816166666666667	1	linguistic_journal_jh	John requested to take care of himself.
605	1	5,914	0,819	1	text_books_cola	For John to either make up such a story or repeat it is outrageous.
606	1	5,914	0,819	1	text_books_cola	Who do you think that you saw?
607	1	5,914	0,819	1	linguistic_journal_jh	Ralph is taller than Flora is.
608	1	5,917	0,8195	1	text_books_cola	The more that pictures of him appear in the news, the more embarrassed John becomes.
609	1	5,917	0,8195	1	text_books_cola	Harry got to be as much of a celebrity as his father.
610	0	5,917	0,8195	1	linguistic_journal_jh	Mary got free rein.
611	1	5,917	0,8195	1	linguistic_journal_jh	That way was not feasible.
612	1	5,919	0,819833333333333	1	text_books_cola	We also need to explain the relation between these trees.
613	1	5,919	0,819833333333333	1	linguistic_journal_jh	If someone other than Harry volunteers, Harry will volunteer, too.
614	1	5,921	0,820166666666667	1	linguistic_journal_jh	Helen examined Bernie in order to vindicate herself.
615	1	5,943	0,823833333333333	1	text_books_cola	All native speakers have a grammatical competence which can generate an infinite set of grammatical sentences from a finite set of resources.
616	1	5,943	0,823833333333333	1	linguistic_journal_jh	John loved Mary until last year.
617	1	5,944	0,824	1	text_books_cola	I want to explain exactly why the more you eat, the less you want.
618	0	5,944	0,824	1	text_books_cola	I whipped the eggs from a puddle into a froth.
619	1	5,944	0,824	1	text_books_cola	Seen from this perspective, there is no easy solution.
620	1	5,944	0,824	1	linguistic_journal_jh	The prisoner was made to leave.
621	1	5,946	0,824333333333333	1	linguistic_journal_jh	Jack came for the person he is in love with.
622	1	5,947	0,8245	1	text_books_cola	The boys don't all want to leave.
623	1	5,971	0,8285	1	text_books_cola	Stephen seems to be irritating.
624	1	5,971	0,8285	1	text_books_cola	The big man from NY has often said that he gave peanuts to elephants.
625	1	5,971	0,8285	1	linguistic_journal_jh	When John sings, everyone will leave the room.
626	1	5,972	0,828666666666667	1	text_books_cola	Frank will eat an apple and Morgan will eat an apple too.
627	1	5,972	0,828666666666667	1	text_books_cola	Slamming the door, he ran down the steps.
628	1	5,972	0,828666666666667	1	linguistic_journal_jh	These matters require study.
629	0	5,979	0,829833333333333	1	text_books_cola	Cynthia munched.
630	1	6	0,833333333333333	1	text_books_cola	It's mainly his attitude which convinced the teacher.
631	1	6	0,833333333333333	1	text_books_cola	Sally kissed herself.
632	1	6	0,833333333333333	1	linguistic_journal_jh	A little bird e-mailed it to me.
633	1	6,025	0,8375	1	linguistic_journal_jh	We saw a painting yesterday by John.
634	1	6,026	0,837666666666667	1	text_books_cola	Who will John ask for information about summer courses?
635	1	6,026	0,837666666666667	1	text_books_cola	Agamemnon attempted to behave well.
636	0	6,026	0,837666666666667	1	linguistic_journal_jh	Mary raucously laughed.
637	1	6,027	0,837833333333333	1	text_books_cola	For him to eat asparagus is a travesty.
638	1	6,028	0,838	1	linguistic_journal_jh	John asked for Harriet to leave.
639	1	6,028	0,838	1	linguistic_journal_jh	John pushed the cart for some hours.
640	1	6,029	0,838166666666667	1	text_books_cola	This window just opens itself.
641	1	6,029	0,838166666666667	1	text_books_cola	This girl in the red coat will put a picture of Bill on your desk before tomorrow.
642	1	6,029	0,838166666666667	1	linguistic_journal_jh	The money it costs makes no difference.
643	1	6,05	0,841666666666667	1	linguistic_journal_jh	After pitching one's tent, sleep comes quickly.
644	1	6,051	0,841833333333333	1	text_books_cola	The cat had eaten.
645	1	6,056	0,842666666666667	1	text_books_cola	Mary sang a song, but Lee never did.
646	1	6,057	0,842833333333333	1	linguistic_journal_jh	If you want good cheese, you only need to go to the North End.
647	1	6,057	0,842833333333333	1	linguistic_journal_jh	The same evening, the murderer hit again.
648	1	6,059	0,843166666666667	1	linguistic_journal_jh	Lance Armstrong, the cyclist, is training now with his cycling buddies.
649	0	6,081	0,846833333333333	1	text_books_cola	Water pours easily onto the plants.
650	0	6,081	0,846833333333333	1	linguistic_journal_jh	The queen separated herself.
651	1	6,105	0,850833333333333	1	linguistic_journal_jh	John tried to win and Bill did the opposite.
652	1	6,105	0,850833333333333	1	linguistic_journal_jh	The children are almost all sleeping.
653	1	6,106	0,851	1	text_books_cola	It's high time Fiona got a job.
654	1	6,111	0,851833333333333	1	text_books_cola	Teresa bottle fed the baby soy milk.
655	1	6,111	0,851833333333333	1	linguistic_journal_jh	Everyone who is anyone will be at my party.
656	1	6,114	0,852333333333333	1	text_books_cola	The bed was unmade.
657	1	6,114	0,852333333333333	1	text_books_cola	The woman believed that the man who was here was ill.
658	1	6,114	0,852333333333333	1	text_books_cola	Jason persuaded Medea to be treated by the doctor.
659	1	6,114	0,852333333333333	1	linguistic_journal_jh	John tried to win and Bill did the very same thing.
660	1	6,114	0,852333333333333	1	linguistic_journal_jh	This bureaucrat was bribed to avoid the draft.
661	1	6,118	0,853	1	linguistic_journal_jh	It was Bill that they saw.
662	1	6,122	0,853666666666667	1	linguistic_journal_jh	John screamed to Sally to take care of herself.
663	1	6,128	0,854666666666667	1	linguistic_journal_jh	After pitching the tents, darkness fell quickly.
664	1	6,143	0,857166666666667	1	text_books_cola	The jeweller inscribed the ring with the name.
665	1	6,143	0,857166666666667	1	text_books_cola	It mattered on Sunday.
666	1	6,146	0,857666666666667	1	linguistic_journal_jh	Bob didn't write as detailed a proposal as Sheila did.
667	1	6,147	0,857833333333333	1	text_books_cola	Why she told him is unclear.
668	1	6,15	0,858333333333333	1	text_books_cola	The tree dropped its fruit to the ground.
669	1	6,15	0,858333333333333	1	linguistic_journal_jh	To attend this dinner, you don't have to bring your campaign donation (you can mail it in afterwards).
670	1	6,154	0,859	1	linguistic_journal_jh	The picture of himself in Newsweek shattered the peace of mind that John had spent the last six months trying to restore.
671	1	6,158	0,859666666666667	1	text_books_cola	Mary or Sue could tell you that.
672	1	6,162	0,860333333333333	1	linguistic_journal_jh	Paul shouted to his son to open the door at once.
673	1	6,167	0,861166666666667	1	linguistic_journal_jh	The queen invited Max and myself for tea.
674	1	6,171	0,861833333333333	1	text_books_cola	They drank the pub dry.
675	1	6,171	0,861833333333333	1	text_books_cola	I did it more in jest than in anger.
676	1	6,171	0,861833333333333	1	text_books_cola	Heidi thinks that pictures of herself are beautiful.
677	1	6,171	0,861833333333333	1	text_books_cola	Which city and which conference did Bill go to?
678	1	6,171	0,861833333333333	1	linguistic_journal_jh	If you want good cheese, you can go to the North End.
679	1	6,171	0,861833333333333	1	linguistic_journal_jh	The package remained carefully closed.
680	1	6,175	0,8625	1	text_books_cola	John is taller than that man is.
681	1	6,176	0,862666666666667	1	linguistic_journal_jh	John didn't make all that good of an impression.
682	1	6,184	0,864	1	text_books_cola	Then, John left.
683	1	6,184	0,864	1	linguistic_journal_jh	We vowed to our leader to be loyal.
684	1	6,195	0,865833333333333	1	linguistic_journal_jh	Which picture of himself does John like best?
685	1	6,2	0,866666666666667	1	text_books_cola	Gilgamesh did not fly the dragon.
686	1	6,206	0,867666666666667	1	linguistic_journal_jh	They shouted their defiance.
687	1	6,216	0,869333333333333	1	text_books_cola	The ugly man from Brazil found books of poems in the puddle.
688	1	6,216	0,869333333333333	1	text_books_cola	You can lead a horse to water but will it drink?
689	1	6,216	0,869333333333333	1	linguistic_journal_jh	John wants very much for his team to win.
690	1	6,22	0,87	1	text_books_cola	Jason expected the doctor to treat Medea.
691	0	6,22	0,87	1	linguistic_journal_jh	John perfectly rolled the ball.
692	1	6,225	0,870833333333333	1	linguistic_journal_jh	Julien is so crazy that he eats ants.
693	1	6,234	0,872333333333333	1	linguistic_journal_jh	Kevin is as good a student as Elaine.
694	1	6,235	0,8725	1	text_books_cola	John will carefully study Russian.
695	1	6,237	0,872833333333333	1	text_books_cola	The sign warned us against skating on the pond.
696	1	6,243	0,873833333333333	1	text_books_cola	Every student who handed in some homework will get a prize.
697	1	6,243	0,873833333333333	1	linguistic_journal_jh	This bureaucrat was bribed.
698	1	6,25	0,875	1	text_books_cola	John and the man went to the store.
699	1	6,25	0,875	1	text_books_cola	The trail we walked today was built by slave labor.
700	1	6,25	0,875	1	linguistic_journal_jh	John wants very much to win.
701	1	6,257	0,876166666666667	1	text_books_cola	It seems to be easy to fool Ben.
702	1	6,257	0,876166666666667	1	linguistic_journal_jh	I am the only one who takes care of her children.
703	1	6,27	0,878333333333333	1	linguistic_journal_jh	Bill gave John flak about his behavior.
704	1	6,275	0,879166666666667	1	text_books_cola	Ann is going to send a picture of Chairman Mao to her teacher, as soon as she gets home.
705	1	6,278	0,879666666666667	1	text_books_cola	John has been taken to the library.
706	1	6,278	0,879666666666667	1	linguistic_journal_jh	If Haldeman is guilty, Nixon is guilty, too.
707	1	6,278	0,879666666666667	1	linguistic_journal_jh	Anastasia is as tall as Daniel is.
708	1	6,279	0,879833333333333	1	linguistic_journal_jh	If you want to get into that room, you only have to open that door.
709	1	6,286	0,881	1	text_books_cola	Syntax frightens Kenny.
710	1	6,286	0,881	1	text_books_cola	Memo liked lasagna.
711	1	6,286	0,881	1	linguistic_journal_jh	John pushed the car toward the building for an hour.
712	1	6,297	0,882833333333333	1	text_books_cola	If Jim feels good, he will go.
713	1	6,297	0,882833333333333	1	linguistic_journal_jh	Some senator tried to lie to every member of the committee.
714	1	6,306	0,884333333333333	1	text_books_cola	John put his gold under the bathtub.
715	1	6,306	0,884333333333333	1	text_books_cola	He's such a tall man that doors are dangerous to him.
716	1	6,306	0,884333333333333	1	text_books_cola	The fans got deliberately provoked by a rival group.
717	1	6,306	0,884333333333333	1	linguistic_journal_jh	The guard considers the prisoner intelligent.
718	1	6,31	0,885	1	text_books_cola	It is likely that Jean will dance.
719	1	6,314	0,885666666666667	1	text_books_cola	A book was handed to Chris by Pat.
720	1	6,314	0,885666666666667	1	text_books_cola	The video which you recommended was really terrific.
721	1	6,314	0,885666666666667	1	text_books_cola	It disturbed him that people didn't like Fred.
722	1	6,317	0,886166666666667	1	text_books_cola	We didn't keep a list of the names, but the President thanked every soldier who had fought in the Gulf War.
723	1	6,319	0,8865	1	text_books_cola	Mary's happy about her work, and John's happy about his children.
724	1	6,333	0,888833333333333	1	text_books_cola	When the executioner arrived, Poseidon was asleep.
725	1	6,333	0,888833333333333	1	linguistic_journal_jh	John flattered Mary in order to vindicate himself.
726	1	6,342	0,890333333333333	1	text_books_cola	Who left Bill?
727	1	6,343	0,8905	1	text_books_cola	How do you think John bought the sweater?
728	1	6,343	0,8905	1	linguistic_journal_jh	The navigable rivers include the Nile and the Amazon.
729	1	6,343	0,8905	1	linguistic_journal_jh	He is a taller man than my father.
730	1	6,351	0,891833333333333	1	linguistic_journal_jh	If the Poles defeat the Russians, then the Hungarians will defeat the Russians, too.
731	1	6,361	0,8935	1	linguistic_journal_jh	I let myself grow quiet.
732	1	6,371	0,895166666666667	1	text_books_cola	If so, I've lost $500.
733	1	6,371	0,895166666666667	1	text_books_cola	John will see you.
734	1	6,371	0,895166666666667	1	linguistic_journal_jh	John has obviously completely lost his mind.
735	1	6,378	0,896333333333333	1	text_books_cola	I don't give a darn.
736	1	6,378	0,896333333333333	1	linguistic_journal_jh	Who did you see a picture of?
737	1	6,389	0,898166666666667	1	text_books_cola	Paula swatted the fly with the cloth.
738	1	6,389	0,898166666666667	1	text_books_cola	Bill dried the clothes.
739	1	6,389	0,898166666666667	1	linguistic_journal_jh	John has so much money that his sanity is in danger.
740	1	6,395	0,899166666666667	1	text_books_cola	I was not reading a book when you came in.
741	1	6,395	0,899166666666667	1	text_books_cola	Willy is taller than Bill by 7 millimeters.
742	1	6,4	0,9	1	text_books_cola	The scientist ran the rats through the maze.
743	1	6,4	0,9	1	text_books_cola	I ate some popcorn and drank some soda.
744	1	6,4	0,9	1	text_books_cola	She will put a picture of Bill on your desk before tomorrow.
745	1	6,4	0,9	1	linguistic_journal_jh	Sue estimated that Bill weighs 150 lbs.
746	1	6,405	0,900833333333333	1	text_books_cola	The president was hoping for a good cake.
747	1	6,412	0,902	1	linguistic_journal_jh	The candle kept the tea warm.
748	1	6,417	0,902833333333333	1	text_books_cola	Maxwell isn't the doctor that his father was.
749	1	6,417	0,902833333333333	1	text_books_cola	My nephew could write letters to his parents with a fountain pen.
750	1	6,417	0,902833333333333	1	linguistic_journal_jh	The tables we inherited from Aunt Selma were given a good scrubbing.
751	1	6,421	0,9035	1	text_books_cola	Humans love to eat pigs.
752	1	6,421	0,9035	1	text_books_cola	Those monkeys are eating the banana.
753	1	6,429	0,904833333333333	1	text_books_cola	Jessica loaded boxes into the wagon.
754	1	6,429	0,904833333333333	1	text_books_cola	Peter was talking with someone but I don't know who.
755	1	6,429	0,904833333333333	1	text_books_cola	John talked to almost any woman who came up to him.
756	1	6,429	0,904833333333333	1	text_books_cola	Fiona may be here by 5 o'clock.
757	1	6,429	0,904833333333333	1	text_books_cola	It was Ann who bought a first edition of Richard III for $1000.
758	1	6,429	0,904833333333333	1	text_books_cola	We kicked ourselves.
759	1	6,429	0,904833333333333	1	text_books_cola	I compared Ginger to Fred.
760	1	6,429	0,904833333333333	1	linguistic_journal_jh	John appeared to leave.
761	1	6,432	0,905333333333333	1	text_books_cola	Ellen and Helen talked together.
762	1	6,432	0,905333333333333	1	text_books_cola	The cat had been eating.
763	1	6,439	0,9065	1	text_books_cola	It was believed that the earth was round.
764	1	6,441	0,906833333333333	1	text_books_cola	John learned French perfectly.
765	1	6,444	0,907333333333333	1	linguistic_journal_jh	The athletes were assigned one translator each.
766	1	6,444	0,907333333333333	1	linguistic_journal_jh	Pico wrote a more interesting novel than Brio did.
767	1	6,444	0,907333333333333	1	linguistic_journal_jh	It was amusing to watch the worm parade.
768	1	6,45	0,908333333333333	1	linguistic_journal_jh	Oona underwent the operation after Andy's examination.
769	1	6,457	0,9095	1	text_books_cola	This machine records well.
770	1	6,457	0,9095	1	linguistic_journal_jh	He may only have one arm.
771	1	6,457	0,9095	1	linguistic_journal_jh	Max failed to write a paper.
772	1	6,459	0,909833333333333	1	text_books_cola	Marian wonders if the package from Boston will ever arrive.
773	1	6,459	0,909833333333333	1	linguistic_journal_jh	John has more houses than Bill.
774	1	6,465	0,910833333333333	1	text_books_cola	I asked if Medea poisoned Jason.
775	1	6,465	0,910833333333333	1	linguistic_journal_jh	John read every book that Bill did.
776	1	6,465	0,910833333333333	1	linguistic_journal_jh	How many books does Mary think are in the library?
777	1	6,467	0,911166666666666	1	linguistic_journal_jh	We talked to someone about something.
778	1	6,472	0,912	1	text_books_cola	A hefty sum of money came to him from his grandfather.
779	1	6,472	0,912	1	text_books_cola	We believed Aphrodite to be omnipotent.
780	1	6,472	0,912	1	linguistic_journal_jh	John received an invitation from Bill to stay.
781	1	6,472	0,912	1	linguistic_journal_jh	He seems proud of something.
782	1	6,474	0,912333333333333	1	text_books_cola	The crowd vanished.
783	1	6,474	0,912333333333333	1	text_books_cola	He rode out the storm.
784	1	6,474	0,912333333333333	1	linguistic_journal_jh	My obsession with work cost me my marriage again.
785	1	6,486	0,914333333333333	1	text_books_cola	When did you get back and what did you bring me?
786	1	6,486	0,914333333333333	1	text_books_cola	I wrote a letter to Blair, but I tore it up before I sent it.
787	1	6,486	0,914333333333333	1	text_books_cola	The horse jumped the stream.
788	1	6,486	0,914333333333333	1	text_books_cola	I blew the building up.
789	1	6,486	0,914333333333333	1	linguistic_journal_jh	John's friends think it is illegal for him to feed himself.
790	1	6,486	0,914333333333333	1	linguistic_journal_jh	John preached.
791	1	6,486	0,914333333333333	1	linguistic_journal_jh	Thilo sent the plane to Yubara.
792	1	6,488	0,914666666666667	1	linguistic_journal_jh	Susan got the boot.
793	1	6,5	0,916666666666667	1	text_books_cola	Spray the whole wall with the paint.
794	1	6,5	0,916666666666667	1	text_books_cola	Tom says that it's going to rain but I don't believe it.
795	1	6,5	0,916666666666667	1	linguistic_journal_jh	The ball was perfectly thrown.
796	1	6,5	0,916666666666667	1	linguistic_journal_jh	John will come to the party, if he is free.
797	1	6,513	0,918833333333333	1	text_books_cola	I promised that he would be there tomorrow.
798	1	6,514	0,919	1	text_books_cola	We have someone in the living room.
799	1	6,514	0,919	1	text_books_cola	I presented a solution to the problem yesterday.
800	1	6,514	0,919	1	text_books_cola	These lines were written by one of Korea's most famous poets.
801	1	6,514	0,919	1	text_books_cola	I cut the soft bread.
802	1	6,514	0,919	1	linguistic_journal_jh	Martha signaled to Kevin to stay away from the slope.
803	1	6,525	0,920833333333333	1	text_books_cola	I walk.
804	1	6,528	0,921333333333333	1	text_books_cola	The men lifted the table together.
805	1	6,528	0,921333333333333	1	text_books_cola	The students know the answers.
806	1	6,528	0,921333333333333	1	text_books_cola	I cycled around France.
807	1	6,537	0,922833333333333	1	linguistic_journal_jh	John has this weird purple telephone.
808	1	6,538	0,923	1	text_books_cola	Paul exhaled.
809	1	6,538	0,923	1	text_books_cola	The lawyer looked into the document.
810	1	6,538	0,923	1	linguistic_journal_jh	Ella didn't go to Paris.
811	1	6,543	0,923833333333333	1	text_books_cola	A bear occupies the cave.
812	1	6,543	0,923833333333333	1	text_books_cola	He gave my binoculars to that girl.
813	1	6,543	0,923833333333333	1	text_books_cola	Ben can be relied on.
814	1	6,543	0,923833333333333	1	text_books_cola	The paper is readable.
815	1	6,543	0,923833333333333	1	text_books_cola	They arrived first.
816	1	6,55	0,925	1	linguistic_journal_jh	John flattered Mary without compromising himself.
817	1	6,553	0,9255	1	text_books_cola	Who did you think Mary saw?
818	1	6,553	0,9255	1	text_books_cola	You kicked yourself.
819	1	6,553	0,9255	1	linguistic_journal_jh	The enemy destroyed the city in two years.
820	1	6,553	0,9255	1	linguistic_journal_jh	John kicked the door closed.
821	1	6,556	0,926	1	text_books_cola	The box contains the ball.
822	1	6,556	0,926	1	text_books_cola	Amanda carried the package.
823	1	6,556	0,926	1	text_books_cola	Where are you living?
824	1	6,556	0,926	1	linguistic_journal_jh	Mary said she can't swim, even though she can swim.
825	1	6,556	0,926	1	linguistic_journal_jh	The salesman sold the customers a new car.
826	1	6,559	0,9265	1	text_books_cola	He figured the answer out.
827	1	6,561	0,926833333333333	1	text_books_cola	We peered at the baby.
828	1	6,568	0,928	1	text_books_cola	1492 saw the beginning of a new era.
829	1	6,568	0,928	1	text_books_cola	The police might plant the drugs in the apartment.
830	1	6,571	0,9285	1	text_books_cola	Harry believes that Sally is innocent, although no one else believes it.
831	1	6,571	0,9285	1	text_books_cola	Martha carved a piece of wood for the baby.
832	1	6,571	0,9285	1	linguistic_journal_jh	I consider these to be the best pictures of Mary.
833	1	6,571	0,9285	1	linguistic_journal_jh	John is at least as tall as Bill.
834	1	6,571	0,9285	1	linguistic_journal_jh	John pushed the cart for many hours.
835	1	6,575	0,929166666666667	1	text_books_cola	All the men lifted the table together.
836	1	6,583	0,9305	1	text_books_cola	I separated the egg yolks and the egg whites.
837	1	6,583	0,9305	1	text_books_cola	I have never been spoken to so rudely!
838	1	6,583	0,9305	1	linguistic_journal_jh	While sitting in my office, I saw the car hit the pedestrian in the street.
839	1	6,583	0,9305	1	linguistic_journal_jh	Max continued to write a paper.
840	1	6,585	0,930833333333333	1	linguistic_journal_jh	Which issue should I not discuss?
841	1	6,588	0,931333333333333	1	linguistic_journal_jh	We interviewed every candidate possible.
842	1	6,59	0,931666666666667	1	text_books_cola	I feel it is unfortunate that television is so vulgar these days.
843	1	6,59	0,931666666666667	1	linguistic_journal_jh	That mistake didn't cost anyone their marriage.
844	1	6,595	0,9325	1	linguistic_journal_jh	John read the book in only an hour.
845	1	6,6	0,933333333333333	1	text_books_cola	Both of the workers will wear carnations.
846	1	6,6	0,933333333333333	1	text_books_cola	Dave was given the margarita mix.
847	1	6,6	0,933333333333333	1	text_books_cola	Miss Bates can chatter on for hours.
848	1	6,6	0,933333333333333	1	text_books_cola	I will eat spaghetti on Sunday with Marco.
849	1	6,6	0,933333333333333	1	text_books_cola	The man chuckles.
850	1	6,6	0,933333333333333	1	linguistic_journal_jh	John separated the herd.
851	1	6,611	0,935166666666667	1	text_books_cola	It is easy to please Kim.
852	1	6,611	0,935166666666667	1	text_books_cola	I gave her so much.
853	1	6,611	0,935166666666667	1	text_books_cola	Susan rode a bright blue train from New York.
854	1	6,611	0,935166666666667	1	text_books_cola	Mary was visited by Bill.
855	1	6,611	0,935166666666667	1	linguistic_journal_jh	How many books does Mary think there are in the library?
856	1	6,611	0,935166666666667	1	linguistic_journal_jh	The machine destroyed itself.
857	1	6,615	0,935833333333333	1	text_books_cola	John eats so much.
858	1	6,615	0,935833333333333	1	linguistic_journal_jh	Under what circumstances will the moon implode?
859	1	6,622	0,937	1	text_books_cola	We told Tom that he should consult an accountant.
860	1	6,629	0,938166666666667	1	text_books_cola	Susan whispered.
861	1	6,629	0,938166666666667	1	text_books_cola	Almost every lawyer could answer that question.
862	1	6,629	0,938166666666667	1	linguistic_journal_jh	John gave a gift to himself.
863	1	6,639	0,939833333333333	1	text_books_cola	Tamara poured water into the bowl.
864	1	6,639	0,939833333333333	1	text_books_cola	The day when Jim got fired was a sad day for everyone.
865	1	6,639	0,939833333333333	1	linguistic_journal_jh	He gave me his cooperation.
866	1	6,639	0,939833333333333	1	linguistic_journal_jh	The house was constructed in five months.
867	1	6,639	0,939833333333333	1	linguistic_journal_jh	A man taller than my father walked in.
868	1	6,647	0,941166666666667	1	text_books_cola	These shears clip well.
869	1	6,647	0,941166666666667	1	linguistic_journal_jh	Lily adores what Jack despises.
870	1	6,649	0,9415	1	linguistic_journal_jh	John pledged to leave.
871	1	6,657	0,942833333333333	1	text_books_cola	The jeweller copied the name on the ring.
872	1	6,657	0,942833333333333	1	text_books_cola	The captain sank the boat with a torpedo.
873	1	6,657	0,942833333333333	1	text_books_cola	Jane Fairfax seemed upset.
874	1	6,657	0,942833333333333	1	linguistic_journal_jh	John pushed the cart outside the store for ten minutes.
875	1	6,659	0,943166666666667	1	linguistic_journal_jh	Mary said she can't swim, even though she can.
876	1	6,667	0,9445	1	text_books_cola	The king banished the general to a mountain fortress.
877	1	6,667	0,9445	1	text_books_cola	It may rain.
878	1	6,667	0,9445	1	linguistic_journal_jh	The door was opened.
879	1	6,676	0,946	1	text_books_cola	He has not finished.
880	1	6,676	0,946	1	linguistic_journal_jh	Louise told us Danny was mean to her.
881	1	6,683	0,947166666666667	1	text_books_cola	Milena will make pasta.
882	1	6,684	0,947333333333333	1	text_books_cola	I think that John likes his beer.
883	1	6,686	0,947666666666667	1	text_books_cola	The army destroyed the palace.
884	1	6,686	0,947666666666667	1	text_books_cola	Frank bought Jane the piano.
885	1	6,686	0,947666666666667	1	text_books_cola	The Beatles all came to Merle Park.
886	1	6,686	0,947666666666667	1	text_books_cola	Merlin is a dangerous sorcerer.
887	1	6,686	0,947666666666667	1	linguistic_journal_jh	John arrived in two seconds flat.
888	1	6,69	0,948333333333333	1	linguistic_journal_jh	John started to write a paper.
889	1	6,692	0,948666666666667	1	linguistic_journal_jh	The waiter served the customers food.
890	1	6,694	0,949	1	text_books_cola	They read the book.
891	1	6,694	0,949	1	text_books_cola	Peter has been asked to resign.
892	1	6,703	0,9505	1	text_books_cola	The man is dancing.
893	1	6,706	0,951	1	linguistic_journal_jh	Mary is going to Boston for three days.
894	1	6,711	0,951833333333333	1	text_books_cola	He kicked himself.
895	1	6,711	0,951833333333333	1	text_books_cola	Moya's football team loved her.
896	1	6,711	0,951833333333333	1	linguistic_journal_jh	Which person bought the book?
897	1	6,714	0,952333333333333	1	text_books_cola	Sharon flinched.
898	1	6,714	0,952333333333333	1	text_books_cola	Gilgamesh cut the steak with a knife.
899	1	6,714	0,952333333333333	1	text_books_cola	The army's destruction of the palace was a tragedy.
900	1	6,714	0,952333333333333	1	linguistic_journal_jh	John slept for two hours.
901	1	6,714	0,952333333333333	1	linguistic_journal_jh	John ate an apple.
902	1	6,714	0,952333333333333	1	linguistic_journal_jh	It was difficult for Naomi to solve the problem.
903	1	6,718	0,953	1	text_books_cola	It would not be possible for the president to approve the bill.
904	1	6,722	0,953666666666667	1	text_books_cola	Andy promised we would go.
905	1	6,73	0,955	1	linguistic_journal_jh	John preferred to meet at six.
906	1	6,732	0,955333333333333	1	linguistic_journal_jh	John built the house in a week.
907	1	6,737	0,956166666666667	1	text_books_cola	Who can put the book in the box?
908	1	6,743	0,957166666666667	1	text_books_cola	Carla hit the door.
909	1	6,743	0,957166666666667	1	text_books_cola	That kind of behavior annoys me.
910	1	6,743	0,957166666666667	1	linguistic_journal_jh	The song was sung beautifully.
911	1	6,744	0,957333333333333	1	linguistic_journal_jh	Carol convinced Dan she didn't want a cat.
912	1	6,745	0,9575	1	text_books_cola	The man loved peanut butter cookies.
913	1	6,75	0,958333333333333	1	text_books_cola	Sasha is gobbling down dumplings faster than I can reheat them.
914	1	6,75	0,958333333333333	1	text_books_cola	The dentist is eager to examine Pat.
915	1	6,75	0,958333333333333	1	linguistic_journal_jh	John kicked the bucket.
916	1	6,75	0,958333333333333	1	linguistic_journal_jh	John is 6 feet tall.
917	1	6,75	0,958333333333333	1	linguistic_journal_jh	It is not easy to study physics.
918	1	6,757	0,9595	1	text_books_cola	Susanne gave the minivan to George.
919	1	6,757	0,9595	1	linguistic_journal_jh	Suddenly, a monster appeared.
920	1	6,765	0,960833333333333	1	text_books_cola	John tried to kiss Mary.
921	1	6,769	0,9615	1	text_books_cola	How suspicious was Mary?
922	1	6,769	0,9615	1	linguistic_journal_jh	John offered to leave.
923	1	6,771	0,961833333333333	1	text_books_cola	I shaved.
924	1	6,771	0,961833333333333	1	text_books_cola	Nora pushed her way through the crowd.
925	1	6,771	0,961833333333333	1	linguistic_journal_jh	Chris did the dishes.
926	1	6,771	0,961833333333333	1	linguistic_journal_jh	The psychologist considers the child well behaved.
927	1	6,771	0,961833333333333	1	linguistic_journal_jh	The stolen jewels were on the table.
928	1	6,771	0,961833333333333	1	linguistic_journal_jh	Sue estimated Bill's weight to be 150 lbs.
929	1	6,773	0,962166666666667	1	linguistic_journal_jh	The guard expects the floor to be washed every day.
930	1	6,778	0,963	1	text_books_cola	We expect the dentist to examine us.
931	1	6,778	0,963	1	text_books_cola	I'm surprised we had any potatoes.
932	1	6,78	0,963333333333333	1	linguistic_journal_jh	John tried to leave.
933	1	6,784	0,964	1	linguistic_journal_jh	It bothers me that John is sick.
934	1	6,784	0,964	1	linguistic_journal_jh	Why did everyone bring potato salad?
935	1	6,795	0,965833333333333	1	text_books_cola	It is illegal to park here.
936	1	6,795	0,965833333333333	1	text_books_cola	The torpedo sank the boat.
937	1	6,8	0,966666666666667	1	text_books_cola	The train reached the station.
938	1	6,8	0,966666666666667	1	text_books_cola	The judge presented the winner with a prize.
939	1	6,8	0,966666666666667	1	text_books_cola	The horse wouldn't budge.
940	1	6,8	0,966666666666667	1	text_books_cola	Steve pelted the squirrels with acorns.
941	1	6,8	0,966666666666667	1	text_books_cola	We need more intelligent leaders.
942	1	6,8	0,966666666666667	1	text_books_cola	John stayed behind the counter.
943	1	6,8	0,966666666666667	1	text_books_cola	Mary solved the problem.
944	1	6,8	0,966666666666667	1	linguistic_journal_jh	A friend of mine forgot their lunchbox.
945	1	6,8	0,966666666666667	1	linguistic_journal_jh	John began to write a paper.
946	1	6,806	0,967666666666667	1	text_books_cola	Louise broke the cup.
947	1	6,806	0,967666666666667	1	text_books_cola	Alison ran.
948	1	6,806	0,967666666666667	1	linguistic_journal_jh	The boss denied George his pay.
949	1	6,806	0,967666666666667	1	linguistic_journal_jh	To get to that island, you only have to take a three-day ferry ride.
950	1	6,811	0,9685	1	text_books_cola	Susan bought some flowers for her mother.
951	1	6,811	0,9685	1	text_books_cola	Fred feels fine.
952	1	6,811	0,9685	1	linguistic_journal_jh	Something white was on the porch.
953	1	6,824	0,970666666666667	1	linguistic_journal_jh	To fail this exam would be disastrous.
954	1	6,825	0,970833333333333	1	linguistic_journal_jh	John attempted to leave.
955	1	6,825	0,970833333333333	1	linguistic_journal_jh	Mary convinced Bill to become a vegetarian.
956	1	6,829	0,9715	1	text_books_cola	Frank bought the piano for Jane.
957	1	6,829	0,9715	1	text_books_cola	Harry likes movies.
958	1	6,829	0,9715	1	linguistic_journal_jh	John is likely to win.
959	1	6,833	0,972166666666667	1	text_books_cola	John left his wife.
960	1	6,833	0,972166666666667	1	text_books_cola	John wants him to leave.
961	1	6,833	0,972166666666667	1	text_books_cola	The cat was sleeping in the kitchen.
962	1	6,833	0,972166666666667	1	text_books_cola	What did she eat?
963	1	6,833	0,972166666666667	1	text_books_cola	It snowed.
964	1	6,838	0,973	1	linguistic_journal_jh	The guard expects the prisoner to wash the floor every day.
965	1	6,84	0,973333333333333	1	linguistic_journal_jh	There is a boy in the house.
966	1	6,857	0,976166666666667	1	linguistic_journal_jh	Mary drew the circle.
967	1	6,857	0,976166666666667	1	linguistic_journal_jh	Cleo ate more apples than Matilda did.
968	1	6,861	0,976833333333333	1	text_books_cola	They praised the volunteers.
969	1	6,861	0,976833333333333	1	text_books_cola	John put his books in the attic.
970	1	6,861	0,976833333333333	1	text_books_cola	She hit herself with a hammer.
971	1	6,865	0,9775	1	text_books_cola	A lot of snow melted on the streets of Chicago.
972	1	6,868	0,978	1	text_books_cola	Bill slowly recited his lines.
973	1	6,868	0,978	1	text_books_cola	Don't hit yourself!
974	1	6,868	0,978	1	text_books_cola	He was a bully.
975	1	6,878	0,979666666666667	1	linguistic_journal_jh	Who is coming to your party?
976	1	6,886	0,981	1	text_books_cola	Susan wanted to sleep.
977	1	6,886	0,981	1	linguistic_journal_jh	Mary was persuaded to leave.
978	1	6,889	0,9815	1	text_books_cola	Did Bill eat his dinner?
979	1	6,889	0,9815	1	text_books_cola	I sent Louis a book.
980	1	6,889	0,9815	1	linguistic_journal_jh	John works to give his kids a better life.
981	1	6,892	0,982	1	text_books_cola	The defendant denied the accusation.
982	1	6,892	0,982	1	text_books_cola	He blew up the building.
983	1	6,892	0,982	1	linguistic_journal_jh	The students were arrested.
984	1	6,9	0,983333333333333	1	text_books_cola	He kissed her.
985	1	6,911	0,985166666666667	1	text_books_cola	It is tough to please John.
986	1	6,914	0,985666666666667	1	text_books_cola	I climbed up the tree.
987	1	6,914	0,985666666666667	1	linguistic_journal_jh	When did Lily sleep?
988	1	6,914	0,985666666666667	1	linguistic_journal_jh	John persuaded him to go.
989	1	6,917	0,986166666666667	1	text_books_cola	Mary received an award from the department.
990	1	6,919	0,9865	1	text_books_cola	Who's there?
991	1	6,923	0,987166666666667	1	linguistic_journal_jh	John tried to win.
992	1	6,932	0,988666666666667	1	text_books_cola	John destroyed the house.
993	1	6,943	0,9905	1	text_books_cola	He did not leave.
994	1	6,943	0,9905	1	linguistic_journal_jh	I really hate you right now.
995	1	6,946	0,991	1	text_books_cola	Where did you put the book?
996	1	6,946	0,991	1	text_books_cola	Catherine did her homework.
997	1	6,949	0,9915	1	text_books_cola	I might be leaving soon.
998	1	6,971	0,995166666666667	1	text_books_cola	Are you prepared for school tomorrow?
999	1	6,971	0,995166666666667	1	linguistic_journal_jh	The guard made the prisoner unhappy.
1000	1	6,976	0,996	1	text_books_cola	I saw John on Sunday.
